{
"padauk": {
    "defaults": {
        "ttf": "Padauk-Regular.ttf",
        "woff": "Padauk-Regular.woff",
        "woff2": "Padauk-Regular.woff2"
    },
    "family": "Padauk",
    "files": {
        "Padauk-Bold.ttf": { "axes": { "ital": 0, "wght": 700.0 }, "packagepath": "Padauk-Bold.ttf" },
        "Padauk-Bold.woff": { "axes": { "ital": 0, "wght": 700.0 }, "packagepath": "web/Padauk-Bold.woff" },
        "Padauk-Bold.woff2": { "axes": { "ital": 0, "wght": 700.0 }, "packagepath": "web/Padauk-Bold.woff2" },
        "Padauk-Regular.ttf": { "axes": { "ital": 0, "wght": 400.0 }, "packagepath": "Padauk-Regular.ttf" },
        "Padauk-Regular.woff": { "axes": { "ital": 0, "wght": 400.0 }, "packagepath": "web/Padauk-Regular.woff" },
        "Padauk-Regular.woff2": { "axes": { "ital": 0, "wght": 400.0 }, "packagepath": "web/Padauk-Regular.woff2" }
    },
    "version": "5.100"
},
"padaukbook": {
    "family": "Padauk Book",
    "files": {
        "PadaukBook-Bold.ttf": { "axes": { "ital": 0, "wght": 800.0 }, "packagepath": "PadaukBook-Bold.ttf" },
        "PadaukBook-Bold.woff": { "axes": { "ital": 0, "wght": 800.0 }, "packagepath": "web/PadaukBook-Bold.woff" },
        "PadaukBook-Bold.woff2": { "axes": { "ital": 0, "wght": 800.0 }, "packagepath": "web/PadaukBook-Bold.woff2" },
        "PadaukBook-Regular.ttf": { "axes": { "ital": 0, "wght": 500.0 }, "packagepath": "PadaukBook-Regular.ttf" },
        "PadaukBook-Regular.woff": { "axes": { "ital": 0, "wght": 500.0 }, "packagepath": "web/PadaukBook-Regular.woff" },
        "PadaukBook-Regular.woff2": { "axes": { "ital": 0, "wght": 500.0 }, "packagepath": "web/PadaukBook-Regular.woff2" }
    },
    "version": "5.100"
}
}
